{
  "accountAssociation": {
    "header": "eyJmaWQiOjI1MDcwNCwidHlwZSI6ImF1dGgiLCJrZXkiOiIweDA5RDAyRDI1RDBEMDgyZjdGMkUwNGI0ODM4Y0VmZTI3MWIyZGFCMDkifQ",
    "payload": "",
    "signature": ""
  },
  "miniapp": {
    "version": "1",
    "name": "Farcaster Geo Explorer",
    "iconUrl": "https://v0-geoguesserv22.vercel.app/icon.png",
    "homeUrl": "https://v0-geoguesserv22.vercel.app/",
    "buttonTitle": "Open Farcaster Geo Explorer",
    "splashImageUrl": "https://v0-geoguesserv22.vercel.app/splash.png",
    "splashBackgroundColor": "#001a0f",
    "subtitle": "Test your geography skills",
    "description": "Explore the world through street view panoramas. Guess locations, compete on leaderboards, and earn rewards on Base blockchain.",
    "primaryCategory": "games",
    "tags": ["geography", "game", "exploration", "blockchain"],
    "requiredChains": ["eip155:8453"],
    "requiredCapabilities": ["wallet.getEthereumProvider"],
    "imageUrl": "https://v0-geoguesserv22.vercel.app/imageUrl.png",
    "ogImageUrl": "https://v0-geoguesserv22.vercel.app/heroImageUrl.png",
    "heroImageUrl": "https://v0-geoguesserv22.vercel.app/heroImageUrl.png",
    "screenshotUrls": ["https://v0-geoguesserv22.vercel.app/screenshotUrls.png"]
  },
  "baseBuilder": {
    "ownerAddress": "0xAFf0244070a126525D45D334F2e3A3670F1A7CD1"
  }
}
